"conversation_id_str","created_at","favorite_count","full_text","id_str","image_url","in_reply_to_screen_name","lang","location","quote_count","reply_count","retweet_count","tweet_url","user_id_str","username"
"1172058392875040769","Thu Sep 12 08:04:31 +0000 2019","1","taaakeee me bak to this place isi ikn dia i tellyuuuuuuu ah dapppp!!! https://t.co/vXfINffqCY","1172058392875040769","https://pbs.twimg.com/media/EEP83xoU0AA0ftw.jpg","","in","Malaysia","0","1","0","https://twitter.com/PrimadonnaMyra/status/1172058392875040769","94098817","PrimadonnaMyra"
"1174644847904317441","Thu Sep 19 11:22:10 +0000 2019","38","Kunjungan Kerja hari ini rasanya senang sekali idea out the box bagi Indonesia. Ibu Kota Negara (IKN) di Kaltim mendapat respon positif masyarakat. Gubernur Kaltim Bapak Irsan Noor juga selalu support terkait adanya Ibu Kota Baru. https://t.co/1vUCRa3qJa","1174644847904317441","https://pbs.twimg.com/ext_tw_video_thumb/1174644648473587713/pu/img/jcQhg1hHreYHQcm_.jpg","","in","Jakarta Capital Region","2","3","38","https://twitter.com/BudiKaryaS/status/1174644847904317441","4746073878","BudiKaryaS"
"1172638736254787584","Fri Sep 13 22:30:35 +0000 2019","1","Norak.... Btw mancing udh dapet ikn belon","1172638736254787584","","","in","","0","0","0","https://twitter.com/Meliys2/status/1172638736254787584","1106529799931990016","Meliys2"
"1174532483930451968","Thu Sep 19 03:55:40 +0000 2019","0","ikn I am.","1174532483930451968","","","in","Daegu, South Korea","0","0","0","https://twitter.com/biibiingg/status/1174532483930451968","1043150870966198272","biibiingg"
"1171678837119209472","Wed Sep 11 06:56:18 +0000 2019","0","Ikn kembung ikn caru ikn aye ikn bawal tuke ..okay noted https://t.co/9MerSvmJH2","1171678837119209472","","","in","shah alam, kuala lumpur","0","0","0","https://twitter.com/yayaakechik/status/1171678837119209472","1473918020","yayaakechik"
"1171574326073552896","Wed Sep 11 00:01:00 +0000 2019","0","Chassing ikn koi aku Nk kne jual","1171574326073552896","","","in","johor baharu","0","0","0","https://twitter.com/hafisx14/status/1171574326073552896","238118836","hafisx14"
"1174690242764464130","Thu Sep 19 14:22:33 +0000 2019","0","Ja Share: IKN Baru Alternatif Kota Masa Depan https://t.co/WFplRpV2KX https://t.co/wPUZRFBn5Z","1174690242764464130","https://pbs.twimg.com/media/EE1WjNtX4AEYBLu.jpg","","in","Jakarta Selatan, DKI Jakarta","0","0","0","https://twitter.com/Share_ja/status/1174690242764464130","3458165232","Share_ja"
"1174683476563382272","Thu Sep 19 13:55:40 +0000 2019","0","https://t.co/QjzcUmEnb4 Realita Pindah IKN tuk gotong royong atasi Karhutla sebagai upaya atasi Asap Karhutla Mantap","1174683476563382272","","","in","Jakarta","0","0","0","https://twitter.com/ImamWho/status/1174683476563382272","450775671","ImamWho"
"1174199829922222082","Wed Sep 18 05:53:49 +0000 2019","0","Ngeliat ren pindah ke ikn baru jadi pengen cepet nikah biar tetep stay di jakarta wkwk","1174199829922222082","","","in","","0","1","0","https://twitter.com/enyyyys/status/1174199829922222082","308994380","enyyyys"
"1174291493680402432","Wed Sep 18 11:58:04 +0000 2019","0","Randa shared: Kota Penyangga IKN Harus Siapkan Sarana di Berbagai Sektor https://t.co/B5grnp2jyx https://t.co/8lfeBQcsjD","1174291493680402432","https://pbs.twimg.com/media/EEvr4_iUYAAO6VY.jpg","","in","","0","0","0","https://twitter.com/RandaSukirna/status/1174291493680402432","833294657769443328","RandaSukirna"
"1171623923328249856","Wed Sep 11 03:18:05 +0000 2019","0","Randa shared: Gubernur: Pemindahan IKN ke Kaltim Tidak Akan Mengganggu Hutan https://t.co/XCTknAnf6p https://t.co/pEIiiJj3ro","1171623923328249856","https://pbs.twimg.com/media/EEJxv8BUYAAjtvf.jpg","","in","","0","0","0","https://twitter.com/RandaSukirna/status/1171623923328249856","833294657769443328","RandaSukirna"
"1173515238072700929","Mon Sep 16 08:33:30 +0000 2019","0","Batalkan pindah IKN #SaveKalimantan","1173515238072700929","","","in","Kalimantan Timur, Indonesia","0","0","0","https://twitter.com/koes_a_koes/status/1173515238072700929","967693039555706880","koes_a_koes"
"1174291494825365509","Wed Sep 18 11:58:04 +0000 2019","0","Ja Share: Kota Penyangga IKN Harus Siapkan Sarana di Berbagai Sektor https://t.co/LRUPVUkkCl https://t.co/lHLc9MdDA8","1174291494825365509","https://pbs.twimg.com/media/EEvr5DaUUAIURkj.jpg","","in","Jakarta Selatan, DKI Jakarta","0","0","0","https://twitter.com/Share_ja/status/1174291494825365509","3458165232","Share_ja"
"1171623919989620736","Wed Sep 11 03:18:04 +0000 2019","0","Ja Share: Gubernur: Pemindahan IKN ke Kaltim Tidak Akan Mengganggu Hutan https://t.co/CVoGS4lIDk https://t.co/VQatvErsZD","1171623919989620736","https://pbs.twimg.com/media/EEJxvvlUYAAQ5nz.jpg","","in","Jakarta Selatan, DKI Jakarta","0","0","0","https://twitter.com/Share_ja/status/1171623919989620736","3458165232","Share_ja"
"1174291494405988358","Wed Sep 18 11:58:04 +0000 2019","0","Twittizen Shared: Kota Penyangga IKN Harus Siapkan Sarana di Berbagai Sektor https://t.co/XGGdevrbDZ https://t.co/xM2i12S1OY","1174291494405988358","https://pbs.twimg.com/media/EEvr5AdUEAAx3x_.jpg","","in","","0","0","0","https://twitter.com/twittezen_/status/1174291494405988358","3016923557","twittezen_"
"1174291492841508866","Wed Sep 18 11:58:03 +0000 2019","0","KabarSaja: Kota Penyangga IKN Harus Siapkan Sarana di Berbagai Sektor https://t.co/iLTOcOi5TS https://t.co/U3Gpfdm2KS","1174291492841508866","https://pbs.twimg.com/media/EEvr47vUwAAbGt8.jpg","","in","Indonesia","0","0","0","https://twitter.com/Kabarsaja/status/1174291492841508866","1020484887231385600","Kabarsaja"
"1172391520361537539","Fri Sep 13 06:08:15 +0000 2019","0","sedp nye dpt ikn keli.. ","1172391520361537539","","","in","malaysia","0","0","0","https://twitter.com/CheFydazayn/status/1172391520361537539","2399278776","CheFydazayn"
"1172364515855470592","Fri Sep 13 04:20:56 +0000 2019","1","Mimpi sang Ayah yang salah satunya telah aku wujudkan yaitu menjadi Mahasiswa IPB #anakipb #ikn #ikn53 #svipb @ Gedung Andi Hakim Nasution https://t.co/8m6Fgd8nbf","1172364515855470592","","","in","Ciomas Bogor, Jawa Barat","0","0","0","https://twitter.com/hamditra_/status/1172364515855470592","466457639","hamditra_"
"1173835448822751234","Tue Sep 17 05:45:54 +0000 2019","0","Mo buat cni la tuk ikn laga ku.. https://t.co/jcVu5bur8Z","1173835448822751234","","","in","sabah malaysia","0","0","0","https://twitter.com/RynizaB/status/1173835448822751234","1919609514","RynizaB"
"1173450965506113536","Mon Sep 16 04:18:06 +0000 2019","0","Bosan weh mengai pon. Ikn tak mkan","1173450965506113536","","","in","kedah","0","0","0","https://twitter.com/serailengkuas/status/1173450965506113536","312055677","serailengkuas"
"1173132438240997378","Sun Sep 15 07:12:23 +0000 2019","0"," .....siapa pun Anda apa pun pekerjaan dan latar belakang Anda mari berikan kontribusi untuk pengembangan IKN RI ini https://t.co/lZWYTSZxo8 https://t.co/lZWYTSZxo8","1173132438240997378","","","in","","0","0","0","https://twitter.com/trfariz/status/1173132438240997378","103521718","trfariz"
"1171879152066187264","Wed Sep 11 20:12:16 +0000 2019","0","1171878852769005574exo nct bp shn wnr ikn bb rv s","1171879152066187264","","","in","ca","0","0","0","https://twitter.com/mcflugry/status/1171879152066187264","274623976","mcflugry"
"1171623922686513152","Wed Sep 11 03:18:05 +0000 2019","0","KabarSaja: Gubernur: Pemindahan IKN ke Kaltim Tidak Akan Mengganggu Hutan https://t.co/ExrpJC3J6V https://t.co/VsuTtIkGOp","1171623922686513152","https://pbs.twimg.com/media/EEJxv6BUYAAaODg.jpg","","in","Indonesia","0","0","0","https://twitter.com/Kabarsaja/status/1171623922686513152","1020484887231385600","Kabarsaja"
"1173214488360697856","Sun Sep 15 12:38:25 +0000 2019","0","https://t.co/diRUNqcBxe Demografi IKN candidate","1173214488360697856","","","in","Kuala Lumpur ","0","0","0","https://twitter.com/ulla_van17/status/1173214488360697856","752658180","ulla_van17"
"1174690219960020996","Thu Sep 19 14:22:27 +0000 2019","0","IKN Baru Alternatif Kota Masa Depan https://t.co/PtI0QCXrQS https://t.co/ifK7datPHP","1174690219960020996","https://pbs.twimg.com/media/EE1Wh5LXUAABgoe.jpg","","in","Indonesia","0","0","0","https://twitter.com/cendananews/status/1174690219960020996","1293398077","cendananews"
"1173975725021396992","Tue Sep 17 15:03:18 +0000 2019","4","Hanbin","1173975725021396992","","","tr","","0","0","0","https://twitter.com/_ikn__/status/1173975725021396992","731153110324760577","_ikn__"
"1171623918030872576","Wed Sep 11 03:18:04 +0000 2019","0","Twittizen Shared: Gubernur: Pemindahan IKN ke Kaltim Tidak Akan Mengganggu Hutan https://t.co/r6SlhPiBFk https://t.co/PPSAvYDDTH","1171623918030872576","https://pbs.twimg.com/media/EEJxvpXUEAAiVz1.jpg","","in","","0","0","0","https://twitter.com/twittezen_/status/1171623918030872576","3016923557","twittezen_"
"1171686879457992705","Wed Sep 11 07:28:15 +0000 2019","0","mager banget ikut ip4t sumpah kaga ada hari libur ngerjain IKN mah. kerja rodi","1171686879457992705","","","in","samarinda ","0","0","0","https://twitter.com/loeyyibaek/status/1171686879457992705","589752299","loeyyibaek"
"1171650231513112576","Wed Sep 11 05:02:38 +0000 2019","0","panas gni msh grng ikn... beeerrrrr","1171650231513112576","","","in","Lampung Timur, Lampung","0","0","0","https://twitter.com/TutieAris/status/1171650231513112576","1288005128","TutieAris"
"1173175015727984642","Sun Sep 15 10:01:34 +0000 2019","0","Pasca Kaltim Ditetapkan sebagai IKN Aparat Gelar Razia Sebulan Sekali - IDN Times https://t.co/UI8cAVbP6u https://t.co/sQuMqPRyMP","1173175015727984642","https://pbs.twimg.com/media/EEf0daCUUAABjsG.jpg","","in","Balikpapan, Kalimantan Timur","0","0","0","https://twitter.com/Info_BPN/status/1173175015727984642","243161989","Info_BPN"
"1172142479312740352","Thu Sep 12 13:38:39 +0000 2019","0","Siapa yang free esok datanglah IKN tengok aku. Motifnya aku nak makanan je ","1172142479312740352","","","in","","0","0","0","https://twitter.com/NurulHarmira/status/1172142479312740352","526317607","NurulHarmira"
"1172738480973082624","Sat Sep 14 05:06:56 +0000 2019","0","Cool! Opsi untuk IKN mungkin? https://t.co/d4hGESIfMP","1172738480973082624","","","in","Bogor","0","0","0","https://twitter.com/tiniege/status/1172738480973082624","192837228","tiniege"
"1174291491688046593","Wed Sep 18 11:58:03 +0000 2019","0","Suarabogor Shared: Kota Penyangga IKN Harus Siapkan Sarana di Berbagai Sektor https://t.co/d5tadag6Yt https://t.co/0Lm3T3de2b","1174291491688046593","https://pbs.twimg.com/media/EEvr42iU0AAli3O.jpg","","in","Bogor, Jawa Barat","0","0","0","https://twitter.com/suarabogorcom/status/1174291491688046593","746390335501172736","suarabogorcom"
"1173052777620111360","Sun Sep 15 01:55:51 +0000 2019","0","diagnose sigmoid ca kat serdang op kat colorectal selayang chemo kat ikn. pastu dpt post op complication dtg putrajaya hospital yg dikatakan useless cuma boleh bedah tetek je so apa je yg aku boleh buat untuk kau pakcik oi. gigih pulak tu kumpul duit nak bayar deposit seribu","1173052777620111360","","","in","","0","4","1","https://twitter.com/ashrafnoh/status/1173052777620111360","362589531","ashrafnoh"
"1174600472511959040","Thu Sep 19 08:25:50 +0000 2019","1","Kenapa org korea tak suka ikan pari eh? Dia taktau ke ikn pari kalau masak asam pedas sedak gila nak mampuh","1174600472511959040","","","in","Johor Bahru, Johor","0","0","0","https://twitter.com/___syahirah___/status/1174600472511959040","2791623978","___syahirah___"
"1174291208463671297","Wed Sep 18 11:56:56 +0000 2019","0","Kota Penyangga IKN Harus Siapkan Sarana di Berbagai Sektor https://t.co/BxxDFx4Ksj https://t.co/FUqD8kmtmX","1174291208463671297","https://pbs.twimg.com/media/EEvroX5X4AAVQRd.jpg","","in","Indonesia","0","0","0","https://twitter.com/cendananews/status/1174291208463671297","1293398077","cendananews"
"1173155922119544833","Sun Sep 15 08:45:42 +0000 2019","1","jgn la ingat org srwak tak da gardenia ok...kt sini smue da..kek lapis sarawak..telur ikan terubok..ikn terubok..agak agak la bro... https://t.co/wgLdOEEVdm","1173155922119544833","https://pbs.twimg.com/media/EEfjFOtUwAAZ6o9.jpg","","in","thailand","0","0","0","https://twitter.com/ReinaIssra/status/1173155922119544833","1173151003824148480","ReinaIssra"
"1171622772805689344","Wed Sep 11 03:13:31 +0000 2019","0","Gubernur: Pemindahan IKN ke Kaltim Tidak Akan Mengganggu Hutan https://t.co/2FJ47MNo25 https://t.co/xr75Hk0eUv","1171622772805689344","https://pbs.twimg.com/media/EEJws_bWsAAQlKs.jpg","","in","Indonesia","0","0","0","https://twitter.com/cendananews/status/1171622772805689344","1293398077","cendananews"
"1174172631983153154","Wed Sep 18 04:05:45 +0000 2019","0","Kari kepala ikn pon x mkn dah...uhukk uhukkk","1174172631983153154","","","in","Planet Marikh ","0","0","0","https://twitter.com/babyshima64/status/1174172631983153154","708384277688246272","babyshima64"
"1171650328489541634","Wed Sep 11 05:03:01 +0000 2019","0","IKN di Kaltim tapi Istana Presiden dibangun di Papua tahun depan. https://t.co/2x8Tbrbh5m","1171650328489541634","","","in","Kalimantan Barat, Indonesia","0","0","0","https://twitter.com/StepanusWiwin/status/1171650328489541634","907158588153511936","StepanusWiwin"
"1172466354462420993","Fri Sep 13 11:05:36 +0000 2019","0","Minhee standup comedy tntg pemindahan IKN dong @gyullydo","1172466354462420993","","","in","SVT / DAY6 / SHINee","0","1","0","https://twitter.com/kkotgilll/status/1172466354462420993","992431534303952897","kkotgilll"
"1171623921579245570","Wed Sep 11 03:18:05 +0000 2019","0","Suarabogor Shared: Gubernur: Pemindahan IKN ke Kaltim Tidak Akan Mengganggu Hutan https://t.co/PbxFpPkifS https://t.co/N25dhAVXl9","1171623921579245570","https://pbs.twimg.com/media/EEJxv21UEAALK4l.jpg","","in","Bogor, Jawa Barat","0","0","0","https://twitter.com/suarabogorcom/status/1171623921579245570","746390335501172736","suarabogorcom"
"1174129229664927744","Wed Sep 18 01:13:17 +0000 2019","0","18 Sept'19 :Hari ini temujanji di IKN untuk ambil darah. Semoga Engkau permudahkan urusanku ya Allah untuk sesi kimoterapi kali ke2.","1174129229664927744","","","in","Malaysia🇲🇾","0","0","0","https://twitter.com/azidan91/status/1174129229664927744","1171852287334965248","azidan91"
"1171839875751936000","Wed Sep 11 17:36:12 +0000 2019","2","Di Jual 30 Ribu Hektar Tanah IKN? https://t.co/qmXkf8KVTl","1171839875751936000","","","in","Balikpapan Indonesia","0","0","1","https://twitter.com/Vicksigit/status/1171839875751936000","149159233","Vicksigit"
"1173295595903057920","Sun Sep 15 18:00:43 +0000 2019","0","Tuhan tidak akan pernah tinggalkan Indonesia. Dan mempersiapkan IKN baru untuk Indonesia. yaitu di Kalimantan. . Dont worry. God is Here. In Indonesia. . #SaveKalimantan","1173295595903057920","","","in","Jakarta Pusat, DKI Jakarta","0","0","0","https://twitter.com/Tinun6sella/status/1173295595903057920","3265870838","Tinun6sella"
"1172513450586562560","Fri Sep 13 14:16:59 +0000 2019","0","@anisyakirinn Haah. IKN putra ni ha. Next week aku balik la","1172514517865000960","","anissrhman","in","","0","1","0","https://twitter.com/NurulHarmira/status/1172514517865000960","526317607","NurulHarmira"
"1174645388562882560","Thu Sep 19 11:24:19 +0000 2019","0","BudiKaryaS:Kunjungan Kerja hari ini rasanya senang sekali idea out the box bagi Indonesia. Ibu Kota Negara (IKN) di Kaltim mendapat respon positif masyarakat. Gubernur Kaltim Bapak Irsan Noor juga selalu support terkait adanya Ibu Kota Baru. https://t.co/SjgpSsIoi2","1174645388562882560","","","in","Jawa Barat, Indonesia","0","0","0","https://twitter.com/Sadewazero/status/1174645388562882560","848028633155354626","Sadewazero"
"1171754343122362374","Wed Sep 11 11:56:20 +0000 2019","0","LANDASAN PACU SAMS SEPINGGAN DIPERPANJANG KPFM BALIKPAPAN - Bandar Udara Internasional Sultan Aji Muhammad Sulaiman (SAMS) Sepinggan Balikpapan menyiapkan diri menyambut Ibu Kota Negara (IKN) yang baru. Salah... https://t.co/2htsnmb11J","1171754343122362374","","","in","Balikpapan, Kalimantan Timur","0","0","0","https://twitter.com/BimaSaputra2017/status/1171754343122362374","873015522312413184","BimaSaputra2017"
"1172675635187052544","Sat Sep 14 00:57:13 +0000 2019","0","Identifikasi lahan IKN https://t.co/xwmlyKj0hs","1172675635187052544","","","in","samarinda","0","0","0","https://twitter.com/Kaltim_ANTARA/status/1172675635187052544","560055446","Kaltim_ANTARA"
"1173896716174516225","Tue Sep 17 11:03:54 +0000 2019","0","@MkhairulJauhari Kalau tutup habislaaaaa Esok akak kat sebelah nu kat IKN.Last chemo..","1173915477594099712","","MkhairulJauhari","in","","0","2","0","https://twitter.com/_ChillPills_/status/1173915477594099712","219208560","_ChillPills_"
"1171749468695191552","Wed Sep 11 11:36:58 +0000 2019","1","Ass wr wbr setelah IKN ditetapkan mohon kiranya Peraturan Pemerintah atau Kepresnya Tentang Ibu Kota Negara yg baru tindak lanjut dari penetapan tersebut","1171749468695191552","","","in","Kalimantan Kutai Kertanegara","0","0","1","https://twitter.com/hendriansyah843/status/1171749468695191552","2569317210","hendriansyah843"
"1174659477888540672","Thu Sep 19 12:20:18 +0000 2019","0","MENHUB TINJAU LOKASI IKN KPFM BALIKPAPAN - Menteri Perhubungan (Menhub) Budi Karya Sumadi melakukan kunjungan kerja ke Kota Balikpapan Kamis (19/9) pagi. Kedatangannya kali ini untuk meninjau langsung lokasi Ibu... https://t.co/NA8Amv3uq1","1174659477888540672","","","in","Balikpapan, Kalimantan Timur","0","0","0","https://twitter.com/BimaSaputra2017/status/1174659477888540672","873015522312413184","BimaSaputra2017"
"1174775410233622528","Thu Sep 19 20:01:42 +0000 2019","1","@SfcRoshan Bro padam epdi","1174775593650417665","","SfcRoshan","in","","0","0","0","https://twitter.com/iKN_1205/status/1174775593650417665","802132735276052480","iKN_1205"
"1174247440284827649","Wed Sep 18 09:03:00 +0000 2019","0","Next Level Salad &amp; Ikan Grill . Next level salad (Timun + Tomato + Epal hijau + Salad + Chia Seed yg dh direndam + perahan lemon gaul) . Ikan Grill (Bwg mrh + bwg pth + cili + lada dikisar kemudian perap ikn https://t.co/XuFQ4B4EuB","1174247440284827649","","","in"," Malaysia","0","0","0","https://twitter.com/jjhana1205/status/1174247440284827649","2791113881","jjhana1205"
"1173772072784285696","Tue Sep 17 01:34:04 +0000 2019","0","Harini baru lah pertama kali ak tahu jawab bila patient tnye arah bangunan.. Ak sndiri sbnrnye dh byk kali sesat kat tmpt keje sendiri Kat IKN senang sbb satu bangunan je.. Mmg pusing2 kat situ je.. Hahah","1173772072784285696","","","in","","0","0","0","https://twitter.com/PipiThePopeye/status/1173772072784285696","240137803","PipiThePopeye"
"1174550944429699073","Thu Sep 19 10:22:18 +0000 2019","4","@gwendiamond_ @51H1T3_Champion Mendingan mndi keringat ngirim benih ikn drpd panas2an buat teriak ga jls nunggu sebungkus nasi dan air mineral ","1174629781356199941","","gwensentana","in","dihatimu ","0","0","2","https://twitter.com/LorNegoro/status/1174629781356199941","926650101757493248","LorNegoro"
"1174258391465832449","Thu Sep 19 06:23:19 +0000 2019","0","@UmmiArsyi Hi sis. Nak tauhu bergedil Saya kat IKN Putrajaya ni. Boleh keeeeeee? Hehe","1174569642540429312","","UmmiArsyi","in","Malaysia","0","0","0","https://twitter.com/ciliapipedas/status/1174569642540429312","2241916874","ciliapipedas"
"1173223471649710082","Sun Sep 15 13:14:07 +0000 2019","0","Ada org blender kering ikan bilis tu tp kita ikut petua org2 tua nk lbh sedap tumbuk ikn bilis tu.... Barulah mesra dan sedap.. Inshaallah.","1173223471649710082","","","in","Planet Marikh ","0","0","0","https://twitter.com/babyshima64/status/1173223471649710082","708384277688246272","babyshima64"
"1174598720035254272","Thu Sep 19 09:12:59 +0000 2019","4","@syerahsazzy @BenAmirr @LisaSurihani Itu la nmanya adik yg baik....aku siap nyanyi ikn kaloii tak kena layan kita sis hampehh","1174612338697265152","","syerahsazzy","in","","0","1","0","https://twitter.com/MiaAslynda/status/1174612338697265152","1165174682196176896","MiaAslynda"
"1172081140057825280","Thu Sep 12 13:50:10 +0000 2019","0","@McDMalaysia Jahatlah lalu tl. Saya kat ikn ni *hint*","1172145377564192768","","McDMalaysia","in","","0","0","0","https://twitter.com/NurulHarmira/status/1172145377564192768","526317607","NurulHarmira"
"1174623769375019010","Thu Sep 19 22:47:46 +0000 2019","0","@AdhieMassardi Belum apa2 kan sdh ketahuan tujuan membangun IKN untuk keuntungan siapa?","1174817385678655488","","AdhieMassardi","in","","0","0","0","https://twitter.com/RahmanurY/status/1174817385678655488","1097491870928711680","RahmanurY"
"1173161288920223744","Sun Sep 15 12:34:43 +0000 2019","0","@dr_koko28 sayangnya bukan IKN &amp; gubernur bukan Anies","1173213556604461059","","dr_koko28","in","Selat Sunda","0","0","0","https://twitter.com/majapaheet/status/1173213556604461059","138767245","majapaheet"
"1174499416280973312","Thu Sep 19 01:44:16 +0000 2019","0","Nak claim insurans utk kanser ak ni byk btl dy nak..brp ratus dah hbs.. IKN-RM40 HTJ-RM40 2HTJ-RM80 KLINIK DAYANG-RM80 KLINIK BAIDURI-RM60 Ni semua harga rekod perubatan ak yg ak dah ambil di jbtn rekod.. Ni insurans minx lg rekod hispatology IKN..confirm t RM80..","1174499416280973312","","","in","","0","1","0","https://twitter.com/IeydaMidwan/status/1174499416280973312","2570344886","IeydaMidwan"
"1172186749826560000","Thu Sep 12 16:34:33 +0000 2019","0","Kaltim Resmi Jadi IKN DPRD Samarinda: Jangan Main-main dengan Tanah Jangan Ambil Untung! - Tribun Kaltim https://t.co/dXXpEV4Q2c","1172186749826560000","","","in","Samarinda","0","0","0","https://twitter.com/News_Kaltim/status/1172186749826560000","1298254398","News_Kaltim"
"1173251639374827521","Sun Sep 15 15:06:03 +0000 2019","0","Melihat dari petanya wilayah IKN baru juga sedang diserang oleh negara api","1173251639374827521","","","in","Balikpapan","0","0","0","https://twitter.com/BambangHerlandi/status/1173251639374827521","70920241","BambangHerlandi"
"1174657098191237122","Thu Sep 19 12:10:50 +0000 2019","0","Anggota DPR RI Dapil Kaltim Masuk Tim Pansus IKN https://t.co/rEogJ5oOG0","1174657098191237122","","","in","Samarinda-Kaltim","0","0","0","https://twitter.com/KPFM968/status/1174657098191237122","159463473","KPFM968"
"1173475749954613249","Mon Sep 16 05:56:35 +0000 2019","0","Tinggal di IKN nasibnya begini matahari nya ngga ada discount ..puanasnya rek. Enak kalau mau bersih2 lahan tinggal bakar","1173475749954613249","","","in","selat makassar","0","1","0","https://twitter.com/Musangk/status/1173475749954613249","178156497","Musangk"
"1173474482599579650","Tue Sep 17 00:04:44 +0000 2019","0","@Dahnilanzar Bagus saja IKN pindah kekaltim spy semua pejabat negara beserta kelyarga merasakan dahsyatnya sakait paru paru atau ISPA","1173749592812212224","","Dahnilanzar","in","","0","0","0","https://twitter.com/Azmiadi15/status/1173749592812212224","1012870089975087104","Azmiadi15"
"1173101397497114624","Sun Sep 15 13:32:12 +0000 2019","0","@conan_idn @jokowi Ibu kota negara dg ibukota propinsi dan kabupaten secara fisik sama aja beton semen dan komponen lainnya. Yg mendiami jg sama aja orang. Faktanya ibukota prop dan kab tetap exis itu?Justru jika IKN pindah andai tjd kerbakaran suatu saat nanti malah akan lebih cepat ditangani","1173228020217176064","","conan_idn","in","","0","0","0","https://twitter.com/revofebri/status/1173228020217176064","791144892084973570","revofebri"
"1173778068856434688","Tue Sep 17 03:08:54 +0000 2019","0","@Febrikusuma Sampe IKN yang baru kak...Pekat bgt kalau pagi dan menjelang malam..sedih aku tuh kak kejadian ini selalu terjadi tiap tahun. walau tidak separah tahun 1997 (Asap yang super parah)","1173795939401682945","","Febrikusuma","in","Balikpapan, Indonesia","0","1","0","https://twitter.com/ardhietakie/status/1173795939401682945","58413475","ardhietakie"
"1173766529889886209","Tue Sep 17 02:03:50 +0000 2019","1","@Aishiey84 @suzie5411 org dlu² ckp klu nk kucing kuar pstu balik umh buh minyak goreng ikn dkt misai kucing...ni klu tuan kucing cmne plk tu nk kne letak myk ape nk bg dia balik dh lama sgt xmuncul...","1173779565644136448","","Shida_RazakBM","in","Seremban, Negeri Sembilan","0","1","0","https://twitter.com/chientakhufatin/status/1173779565644136448","1165174075460739072","chientakhufatin"
"1163896328742555654","Mon Sep 16 22:08:15 +0000 2019","0","@rockygerung @eko_sumartopo Yg penting IKN pindah kemakmuran bergeser ke Kalimantan peduli apa ekologi Jawa aja sdh luluh lantak hutannya. Jakarta tiap hari sdh tak pernah cerah. Ga usah sok jadi pahlawan ekologi. Selamatkan ekologi di lingkungan rumahmu dulu sdh tak tercemar tdk?","1173720278041448448","","rockygerung","in","","0","0","0","https://twitter.com/HantuGundul/status/1173720278041448448","1133976322508591104","HantuGundul"
"1173545126024499200","Mon Sep 16 12:20:49 +0000 2019","3","@Aishiey84 @BenAmirr sis gigih you bwak kuda tu beckp aku pon tak tepikir nak bwat mcm tu Sepa suh kn tuan dia tak timbul2 dh brp ari 1M'sia tgh angau cari dia ........mngkin nak kita nyanyi ikn kaloi tak utk bgi dia timbul","1173572444579254272","","Shida_RazakBM","in","","0","2","0","https://twitter.com/MiaAslynda/status/1173572444579254272","1165174682196176896","MiaAslynda"
"1174815554005159936","Thu Sep 19 22:40:29 +0000 2019","0","Balikpapan (ANTARA) - Kementerian Perhubungan (Kemenhub) mempresentasikan rancangan transportasi untuk ibu kota negara (IKN) yang baru nanti. Transportasi massal menjadi primadona dan pejalan kaki dimanjakan. https://t.co/29UNsD7qHR","1174815554005159936","","","in","Lampung, Indonesia","0","0","0","https://twitter.com/antaralampung/status/1174815554005159936","346046138","antaralampung"
"1171855174480158720","Wed Sep 11 18:37:00 +0000 2019","1","Di Jual 30 Ribu Hektar Tanah IKN? https://t.co/myZwAM6NST","1171855174480158720","","","in","Indonesia","0","0","0","https://twitter.com/kompasiana/status/1171855174480158720","23786106","kompasiana"
"1173546974320029696","Mon Sep 16 10:39:36 +0000 2019","2","Memindahkan ibu kota negara (IKN) tidak mudah. Melihat pengalaman negara-negara lain yang juga memindahkan IKN mereka diperlukan waktu yang lama sebelum IKN yang baru berfungsi penuh. #Opini #AdadiKompas Baca: https://t.co/BJdDQ5yoY9 https://t.co/20fpYWlIZz","1173546974320029696","https://pbs.twimg.com/media/EElGiIiUwAItyIL.jpg","","in","Palmerah, Jakarta","0","0","0","https://twitter.com/hariankompas/status/1173546974320029696","255866913","hariankompas"
"1174732666937044992","Thu Sep 19 17:11:07 +0000 2019","2","IKN manjakan pejalan kaki dan primadonakan transportasi massal https://t.co/2k1N1HgMWe","1174732666937044992","","","in","NKRI","1","0","0","https://twitter.com/antaranews/status/1174732666937044992","18071520","antaranews"
"1171804355311194117","Wed Sep 11 15:15:04 +0000 2019","1","Statusnya Berubah Setelah IKN Pindah Ucapan Sandiaga Ini Buat Bupati PPU AGM Tak Bisa Tahan Tawa https://t.co/yrqmiqoeEp via @tribunkaltim","1171804355311194117","","","in","Balikpapan, Indonesia","0","0","0","https://twitter.com/tribunkaltim/status/1171804355311194117","103551225","tribunkaltim"
"1173868756537233409","Tue Sep 17 07:58:15 +0000 2019","1","Pemindahan IKN Masalah Tanah Berpotensi Picu Konflik Sosial Soal pemindahan ibukota https://t.co/891kEIHhwo lewat @idntimes","1173868756537233409","","","in","Indonesia","0","0","0","https://twitter.com/unilubis/status/1173868756537233409","85087815","unilubis"
"1174711321503207424","Thu Sep 19 15:46:18 +0000 2019","0","Menhub mengaku terpesona dengan keindahan alam IKN https://t.co/jLn1GAMihG","1174711321503207424","","","in","","0","1","0","https://twitter.com/IDNTimes/status/1174711321503207424","388190238","IDNTimes"
